concept,PD,id_annot,created_at,content,label_1,label_2,label_3
ANTISEMITE,antis√©mite,106,2024-01-05 08:08:52+00:00,"mais franchement, quand est-ce vous allez retrouver votre dignit√© et arreter de vous victimiser ? soutenir les palestiniens n‚Äôest pas √™tre antis√©mite. mais bon que signifie vraiment √™tre antis√©mite pour vous.",none of the above,none of the above,none of the above
ANTISEMITE,antis√©mite,102,2024-05-06 18:26:49+00:00,"d√©noncer un g√©nocide c‚Äôest √™tre antis√©mite maintenant‚Ä¶ et apr√®s c‚Äôest nous qui avons un probl√®me moral ? dommage que les experts si peu accessibles, c‚Äôest donc les abrutis qui ont le plus la parole, voil√† pourquoi on en est l√†. cette p√©riode sera incroyable √† √©tudier.",none of the above,none of the above,none of the above
ANTISEMITE,antis√©mite,108,2024-10-23 16:04:15+00:00,"la politique d'israel aujourd'hui renforce dangereusement la detestation de leur pays, et par extension, en essayant de rallier ts les juifs √† leur actes mortiferes, ca renforce la d√©rive antis√©mite de certains cons. ss faux pr√©texte de detruire le hamas, ils renforcent ses rangs",none of the above,none of the above,none of the above
ANTISEMITE,antis√©mite,101,2025-01-23 19:05:04+00:00,tu le fais expr√®s je crois. montrer une version du talmud fausse afin d‚Äôengendrer des propos antisemites n‚Äôa rien √† voir avec le sionisme,none of the above,none of the above,none of the above
ANTISEMITE,antis√©mite,8,2025-03-16 19:06:01+00:00,"mais bien s√ªr, parce que t'es qui toi ? l'antis√©mite de merde. a vous √©coutez on se prosternera bient√¥t devant un guerrier sanguinaire √† tendance p√©dophile qui voyage sur le dos d'un √¢ne volant ... ah mais √ßa existe d√©j√† excuse moi. bonne branlette du soir, t'as le droit l√†, le soleil est couch√©",islamophobic,islamophobic,islamophobic
ANTISEMITE,antis√©mite,105,2025-03-23 10:56:49+00:00,on ne sait rien de l'identit√© de l'agresseur. en quoi serait-il li√© √† l'extr√™me-gauche ? l'extr√™me-droite raciste et antis√©mite pourrait tout aussi bien √™tre la source d'influence.,none of the above,none of the above,none of the above
ANTISEMITE,antis√©mite,107,2025-03-24 10:25:27+00:00,"le g√©nocide des temps modernes. le mot hamas, terroristes, permet d'emballer tous ces massacres sous la banni√®re ""on est la seule d√©mocratie du moyen orient, on a le droit de se d√©fendre"", et gare √† ceux qui d√©noncent, ils seront qualifi√©s d'antis√©mites. rien ne justifie cela.",none of the above,none of the above,none of the above
ANTISEMITE,antis√©mite,10,2025-03-24 23:18:41+00:00,"t'as raison. un pays o√π les actes antis√©mites explosent. o√π le catholicisme n'est plus √† son prime. o√π l'islam est en pleine expansion et envahit toute la soci√©t√©. bravo tibo, vive le grand remplacement et l'islamisation de la france t'es pas un macroniste pour rien üí™",islamophobic,islamophobic,islamophobic
ANTISEMITE,antis√©mite,103,2025-04-02 19:29:35+00:00,"pour ta gouverne le r√©gime de vichy c‚Äô√©tait socialistes, communistes et un groupe de collaboration dont des intellectuels et artistes et a activement collabor√© avec l‚Äôallemagne nazie et a pris des mesures antis√©mites sans y √™tre contraint.",anti-left,anti-left,anti-left
ANTISEMITE,antis√©mite,110,2025-04-11 06:34:07+00:00,√ßa ne vous emp√™che pas de traiter d‚Äôantis√©mite les d√©put√©s qui s‚Äôopposent √† la politique g√©nocidaire d‚Äôisra√´l et de n‚Äôavoir aucun mot de compassion pour les dizaines de milliers de victimes palestiniennes,none of the above,none of the above,none of the above
ANTISEMITE,antis√©mite,2,2025-04-14 11:13:18+00:00,"je prends le pari que lfi est antis√©mite et n‚Äôa qu‚Äôune seule proposition, taxer les riches. et c‚Äôest un pauvre qui le dit.",anti-left,anti-left,anti-left
ANTISEMITE,antis√©mite,1,2025-04-19 17:42:47+00:00,merci la france d‚Äôavoir lib√©r√© les juifs du statut de sous-homme impos√© par les arabes musulmans pas un juif n‚Äô√©tait libre en terre islamique c‚Äôest un fait historique √ßa n‚Äôexcuse en rien les pers√©cutions antis√©mites en occident mais l‚Äôislam est fondamentalement anti juive,islamophobic,islamophobic,islamophobic
ANTISEMITE,antis√©mite,5,2025-04-19 20:39:54+00:00,"la haine antis√©mite de jean-luc m√©lenchon se r√©pand. des dizaines de milliers de chr√©tiens ont particip√© en toute qui√©tude aux f√™tes de p√¢ques √† j√©rusalem mais le patron de lfi relaie les vid√©os mensong√®res des activistes palestiniens. la moindre bousculade o√π un perturbateur se fait √©carter par la police est mont√©e en √©pingle par des sites anti-isra√©liens. s'ajoute √† cela le vocabulaire tr√®s cod√© de m√©lenchon. comme il ne peut pas dire ""le juif netanyahu"", il dit ""le supr√©maciste"". en bonne langue de bois n√©o-stalinienne, √ßa veut dire: ""ce peuple maudit qui se croit une race sup√©rieure"". tout le monde √† compris.",anti-left,anti-left,anti-left
ANTISEMITE,antis√©mite,3,2025-04-22 00:50:55+00:00,"pas besoin qu'ils soient condamn√©s pour se rendre compte qu'ils hatisent la haine contre les juifs pour favoriser leur √©lectorat musulman... des fascistes, antis√©mites, pro terroristes et anti-france de la pire esp√®ce.. il faut vraiment √™tre d√©c√©r√©br√© pour voter pour ces fous!",anti-left,anti-left,anti-left
ANTISEMITE,antis√©mite,104,2025-04-22 06:19:56+00:00,"non, les juifs n‚Äôont pas amen√© les africains en esclavage en am√©rique. c‚Äôest un mythe antis√©mite apparu dans les ann√©es 90, contredit par tous les historiens s√©rieux. l‚Äôesclavage transatlantique a √©t√© organis√© par les puissances coloniales europ√©ennes. ne vous laissez pas berner.",none of the above,none of the above,none of the above
ANTISEMITE,antis√©mite,9,2025-04-23 05:03:30+00:00,"et tes copains islamos terroristes antis√©mites, tu oublies leurs crimes esp√®ce de same d√©bile d antis√©mite. destitution et condamnation pour des ordures de votre esp√®ce",islamophobic,islamophobic,islamophobic
ANTISEMITE,antis√©mite,7,2025-04-28 18:06:18+00:00,"h√¢te de vous voir dispara√Ætre, chaque personne qui meurt en france est un clou sur votre cercueil politique. m√™me vos alliances antis√©mites avec m√©lenchon ne vous sauveront pas. l'histoire est un √©ternel recommencement et tous les couards qui se sont soumis au dictat des islamistes ont tous fini au m√™me endroit.",anti-left,anti-left,anti-left
ANTISEMITE,antis√©mite,6,2025-05-01 04:08:32+00:00,"avec lui et son ami cr√©ateur de la jeune garde, nous avons l'exemple de ce que peur engendrer une gauche totalitaire, violentes et antis√©mite ü§¨ cette milice doit √™tre dissoute ! un d√©put√© triple s ....üòû",anti-left,anti-left,anti-left
ANTISEMITE,antis√©mite,4,2025-05-02 05:58:09+00:00,"et pourtant, au premier appel anti-rn, le ps dont vous faites partie va s'allier a lfi et a toute cette gauche de d√©g√©n√©r√©s antis√©mites qui ne jurent que par le conflit, le chaos, la violence et le mensonge parce que votre soif de pouvoir est plus important que vos convictions",anti-left,anti-left,anti-left
ANTISEMITE,antis√©mite,109,2025-05-05 08:53:26+00:00,"donc si le svastika pr√©c√®de historiquement la shoah, c'est ok de se trimballer avec des croix gamm√©es ? vous pouvez trouver des excuses √† chaque fois, vous n'√™tes qu'une raclure antis√©mite.",none of the above,none of the above,none of the above
BIOLOGY,g√©n√©tique,118,2024-08-02 06:46:49+00:00,"cette campagne de d√©nigrement envers une femme qui a un plus haut taux de testost√©rone qu'une autre est absolument d√©gueulasse. depuis quand on d√©fine le sexe des personnes sur la base de leur g√®nes? imaginez-vous qu'on proc√®de √† √©liminer les avantages g√©n√©tiques dans le sport - o√π est-ce que √ßa se termine? et pourquoi ne s'interroge t-on pas sur toutes les femmes qui ont battu khelif par le pass√©? la v√©rit√©, c'est que cette attaque sur elle est pur sexisme, regorgeant de st√©r√©otypes sur le fait que les vraies femmes sont fragiles et pleurent et si on les laisse faire de la boxe, optent pour des coups plus doux. non, non et non.",none of the above,none of the above,none of the above
BIOLOGY,g√©n√©tique,16,2024-08-30 13:16:04+00:00,"on ne peut se r√©soudre √† penser le r√©el √† travers les processus historiques sans tenir compte de sa dimension g√©n√©tique (processus de sp√©ciation), continuellement √† l‚Äô≈ìuvre.",xenophobic,xenophobic,xenophobic
BIOLOGY,biologique,115,2024-12-07 06:48:04+00:00,bonjour. la musique interagit avec nos syst√®mes biologiques. choisir son confort musical est essentiel pour l'accord √† notre fr√©quence de r√©sonance de notre adn.,none of the above,none of the above,none of the above
BIOLOGY,g√©n√©tique,18,2024-12-17 11:47:47+00:00,je soutiens poutine? l ignorance chez certain n'est pas un d√©faut de culture ou de pauvret√© mais un manquement d √©ducation g√©n√©tique-parental-d√©ficient suite √† des bact√©ries stock√©s trop longtemps dans les intestins chez certaines descendances europ√©ennes ; fais de beaux r√™ves,xenophobic,none of the above,none of the above
BIOLOGY,biologique,111,2025-01-10 12:12:44+00:00,"8/ dr. robert sapolsky, neuroscientifique : ¬´ l‚Äôidentit√© de genre est un spectre complexe influenc√© par des facteurs biologiques, psychologiques et sociaux. la consid√©rer comme une maladie mentale est une simplification dangereuse et scientifiquement inexacte. ¬ª",none of the above,none of the above,none of the above
BIOLOGY,biologique,113,2025-03-13 07:35:51+00:00,attends t‚Äôes vraiment en train de promouvoir la puret√© biologique avec une th√©orie sortie de tes fesses ? vous √™tes en roue libre,none of the above,none of the above,xenophobic
BIOLOGY,g√©n√©tique,119,2025-03-14 08:09:44+00:00,"quel rapport entre la langue et groupes g√©n√©tiques ? en 1789 moins de 10% de la population du royaume parle fran√ßais. suivant votre logique que dois-je en conclure ? enfin n‚Äôh√©sitez √† nous partager vos fameuses √©tudes g√©nomiques, instruisez nous, merci.",none of the above,none of the above,xenophobic
BIOLOGY,biologique,116,2025-03-27 17:15:38+00:00,"la g√©n√©tique moderne a d√©montr√© que les variations g√©n√©tiques au sein des groupes humains sont beaucoup plus importantes que les variations entre les groupes, rendant ainsi obsol√®te la notion de ""races"" biologiques distinctes. certains croient en la science d‚Äôautres en dieux.",none of the above,none of the above,none of the above
BIOLOGY,biologique,117,2025-04-14 16:52:34+00:00,"racisme biologique j'entends, th√®se compl√®tement d√©membr√©e par la science",none of the above,none of the above,none of the above
BIOLOGY,biologique,114,2025-04-16 18:40:49+00:00,"üá¨üáß ceci peut jurisprudence en üá™üá∫ la d√©finition l√©gale d'une femme repose sur le sexe biologique, tranche la cour supr√™me britannique",none of the above,none of the above,none of the above
BIOLOGY,g√©n√©tique,120,2025-04-19 20:16:49+00:00,"l‚Äôargument ¬´ biologique ¬ªest une posture l√©gitimant la hi√©rarchisation, la normativit√© et l‚Äôautoritarisme de l‚Äôordre social d√©fendu bec et ongles par l‚Äôextr√™me droit le sexe n‚Äôest pas une donn√©e purement biologique, le genre une construction sociale. ¬´ c‚Äôest dangereux ¬ª en quoi ?",none of the above,none of the above,none of the above
BIOLOGY,biologique,11,2025-04-20 13:18:35+00:00,"les deux ne sont pas incompatibles. on peut √™tre sinc√®rement indign√© et avoir des r√©flexes racistes en m√™me temps. connaitre les caract√©ristiques d‚Äôun √™tre vivant a toute son importance dans la compr√©hension du monde biologique et des interactions entre les esp√®ces, les races...",xenophobic,xenophobic,xenophobic
BIOLOGY,g√©n√©tique,19,2025-04-23 06:59:58+00:00,il y a plusieurs races d'ailleurs un test g√©n√©tique permet d'identifier la race d'un individu pas son peuple..,xenophobic,xenophobic,xenophobic
BIOLOGY,g√©n√©tique,20,2025-04-27 00:01:06+00:00,faux. nous avons la continuit√© g√©n√©tique la plus stable au monde depuis 2 mill√©naires...,xenophobic,xenophobic,none of the above
BIOLOGY,g√©n√©tique,15,2025-04-27 14:38:41+00:00,"toujours les m√™mes √† foutre la merde, comme d'hab. c'est g√©n√©tique, c'est pas possible autrement. tous finis √† la pisse d'ivrogne.",xenophobic,xenophobic,xenophobic
BIOLOGY,biologique,13,2025-04-28 12:00:58+00:00,"surd√©linquance des extra-europ√©ens : causes sociales ou biologiques ? (inn√©/acquis, nature/culture)",xenophobic,xenophobic,xenophobic
BIOLOGY,g√©n√©tique,14,2025-04-28 14:29:08+00:00,"√ßa s'appelle l'identit√©, le patrimoine g√©n√©tique. c'est le risque quand on migre d'un continent √† l'autre et qu'on souhaite conserver ses valeurs culturelles. les papiers ne feront jamais l'identit√©.",xenophobic,xenophobic,xenophobic
BIOLOGY,biologique,112,2025-04-29 13:02:57+00:00,"pourquoi aime-t-on inconditionnellement ses enfants ? la r√©ponse d'h√©lo√Øse junier, psychologue ‚Äúl‚Äôattachement entre un parent et son enfant n‚Äôest pas seulement une construction sociale ou affective, il est aussi biologique""",none of the above,none of the above,none of the above
BIOLOGY,g√©n√©tique,17,2025-04-29 13:38:10+00:00,des si√®cles d'h√©ritages g√©n√©tiques donnant des arbres g√©n√©alogiques en forme de cercle. et apr√®s vous vous demandez pourquoi 80% de leurs gosses ont une t√™te √† savoir le go√ªt des couleurs..,xenophobic,none of the above,xenophobic
BIOLOGY,biologique,12,2025-04-30 13:21:40+00:00,"les blancs endurent depuis des d√©cennies une d√©gradation massive de leur socle biologique. face √† la m√©diocrit√© moderne, il est temps de r√©fl√©chir √† un eug√©nisme naturel loin des folies du transhumanisme. r√©dig√© par arthur",xenophobic,xenophobic,xenophobic
CIVILISATION,civilisation,124,2024-04-21 23:22:17+00:00,ton histoire de qi cest de la merde et une excuse pour ton racisme . l'intelligence ne peut pas se mesurer comme vous le faites. une soci√©t√© qui met ses vieux dans des mouroirs ne peux pas donner des le√ßons de civilisation a d'autres.,none of the above,none of the above,none of the above
CIVILISATION,civilisation,121,2024-08-03 20:39:11+00:00,la tol√©rance est la plus grande valuer d‚Äôune civilisation. le reste importe peu,none of the above,none of the above,none of the above
CIVILISATION,civilisation,122,2024-08-14 16:30:50+00:00,"√ßa n'a pas trop de sens de d√©finir rigoureusement une culture, une identit√© ou une civilisation puisque √ßa √©volue constamment et √ßa comporte des √©l√©ments qui peuvent √™tre communs √† d'autres espaces",none of the above,none of the above,none of the above
CIVILISATION,civilisation,28,2024-09-15 06:07:49+00:00,a la diff√©rence pr√®s que ces envahisseurs ne viennent pas pour bosser et construire quoique ce soit...! si ce n'est semer le chaos et la haine chez les autres! ils n'ont rien √† nous apporter et nous n'avons plus rien √† donner √† ces civilisations barbares qui n'ont jamais √©volu√©!,xenophobic,xenophobic,xenophobic
CIVILISATION,civilisation,129,2024-09-28 20:00:36+00:00,non c‚Äôest parce que toute grande civilisation est vou√©e √† dispara√Ætre. c‚Äôest cyclique. nous n‚Äôy √©chapperons pas.,none of the above,none of the above,none of the above
CIVILISATION,civilisationnel,23,2024-10-12 17:45:08+00:00,"merci de cette r√©ponse pleine de courtoisie ce qui est rare sur ce r√©seau. mais je te parle en terme civilisationnel il ne sont pas d'origine europ√©enne ni m√™me fran√ßais de souche,se sont des apatrides, reconna√Æt tu au-moins ceci?",xenophobic,xenophobic,xenophobic
CIVILISATION,civilisationnel,127,2024-11-18 11:56:09+00:00,naomi klein : ‚Äúla gauche n‚Äôa pas pris la mesure du projet civilisationnel de la droite radicale‚Äù,none of the above,none of the above,anti-left
CIVILISATION,civilisation,130,2025-02-04 10:25:37+00:00,"je ne fais que rappeler une √©vidence. on devrait y r√©fl√©chir, au nom de l'√©conomie r√©elle : celle qui vise √† limiter la consommation de mat√©riaux et d'√©nergie, pour faire durer la civilisation le plus longtemps possible. mais ...",none of the above,none of the above,none of the above
CIVILISATION,civilisation,126,2025-03-01 08:14:00+00:00,vous connaissez la phrase d'einstein sur les etats-unis : ils sont pass√©s du stade primitif √† la d√©cadence sans passer par la civilisation.,none of the above,none of the above,none of the above
CIVILISATION,civilisation,26,2025-03-17 06:32:13+00:00,voil√† ce qu'ils appellent des chances pour la france moi j'appelle cela de la racaille mais le.mot qui leur va le mieux c'est des babouins. ils sont incompatibles avec la civilisation qu'ils retournent dans leur dessert a dos de chameau ...,xenophobic,islamophobic,xenophobic
CIVILISATION,civilisation,25,2025-04-08 11:36:22+00:00,c'est une horreur que beaucoup de jeunes filles et gar√ßons subissent. nous pouvons constater que le syst√®me valide ces gestes comme la petite fille de 4 ans ou encore l'oncle accus√© et l'appel le rel√¢che. ces gens doivent regagner leur pays de üñ§ loin de la civilisation occidentale,xenophobic,xenophobic,xenophobic
CIVILISATION,civilisation,128,2025-04-11 18:15:01+00:00,je crois que de plus en plus de gens se rendent compte que de d√©laisser la religion √† la base de ta civilisation laisse plus de place aux autres religions.,none of the above,xenophobic,xenophobic
CIVILISATION,civilisation,123,2025-04-13 10:22:33+00:00,"tu dis que les arabes ne savent pas gagner de guerre, mais ils ont apport√© la m√©decine, l‚Äôalg√®bre, l‚Äôastronomie et une civilisation qui t‚Äôa √©clair√© pendant que l‚Äôeurope √©tait dans l‚Äôobscurit√©. toi t‚Äôapportes quoi, √† part du racisme sur x ?",none of the above,none of the above,none of the above
CIVILISATION,civilisation,125,2025-04-13 10:39:02+00:00,"pourquoi vouloir toujours opposer les civilisations ? m√©decine, sciences, architecture, arts‚Ä¶ chaque peuple a contribu√© √† l‚Äôhumanit√©. la vraie grandeur, c‚Äôest pas de rabaisser les autres, c‚Äôest de reconna√Ætre ce que chacun a apport√©. y‚Äôa pas de guerre des civilisations, sauf dans l‚Äôesprit de ceux qui vivent dans la haine.",none of the above,none of the above,none of the above
CIVILISATION,civilisation,22,2025-04-13 18:45:34+00:00,"j‚Äô√©tais √† marseille ce week-end. joyau de notre civilisation. mais autour du vieux-port, une question me hante : o√π sont les marseillais ? en 2025, on y parle arabe, on y vend halal, barbes et voiles dominent‚Ä¶ le changement est frappant. certains disent : grand remplacement",xenophobic,islamophobic,xenophobic
CIVILISATION,civilisation,29,2025-04-25 12:46:03+00:00,"ces pauvres enfants sont devenus les jouets de ces deux cingl√©s. la civilisation occidentale est en plein chaos moral. seul espoir de retournement, trump.",xenophobic,xenophobic,none of the above
CIVILISATION,civilisation,27,2025-04-26 13:00:03+00:00,une autre civilisation qui n‚Äô√† rien √† faire en france !!!!!,xenophobic,xenophobic,xenophobic
CIVILISATION,civilisation,30,2025-04-28 08:10:35+00:00,"les africains et les maghr√©bins justifient la m√©diocrit√© totale de leur civilisation par la colonisation. un asiatique arrive 1h en avance au travail, un africain arrive avec 2h de retard et ne voit pas ou est le probl√®me. c'est une question de culture et de civilisation.",xenophobic,xenophobic,xenophobic
CIVILISATION,civilisationnel,24,2025-05-02 07:43:36+00:00,"vous faites de la philosophie de comptoir, le probl√®me est clairement culturel et civilisationnel, des tas d‚Äôindividus n‚Äôont rien √† faire en france car ils n‚Äôen connaissent pas les codes de biens√©ance, de vivre ensemble et de culture √† respecter et promouvoir.",xenophobic,xenophobic,xenophobic
CIVILISATION,civilisation,21,2025-05-12 07:06:34+00:00,"notre civilisation n‚Äôest pas compatible avec eux, de pr√®s ou de loin. restez dans le d√©sert et dormez dans des tantes et arr√™tez de vouloir vivre avec nous quand vos pseudos lois de ¬´ libert√© ¬ª sont anti d√©mocratique et archa√Øques.",xenophobic,islamophobic,xenophobic
DECLINE,d√©clin,37,2024-01-17 15:53:57+00:00,mais c‚Äôest quoi √ßa. sur 16 personnes ¬´ y a m√™me pas la parit√© ¬´ 2 jeunes filles blanche. le pays en d√©clin.,xenophobic,xenophobic,xenophobic
DECLINE,d√©clin,139,2024-03-29 08:13:37+00:00,"rappelle sur que nous d√©fendons une immigration de travail en europe, car le continent est en p√©nurie de main d'oeuvre et en d√©clin d√©mographique. m√™me a renonc√© √† son ""blocus maritime"" face √† cette r√©alit√©.",none of the above,none of the above,none of the above
DECLINE,d√©clin,135,2024-07-03 12:04:58+00:00,"""entre aveuglement et incomp√©tence, le rassemblement national choisit le camp du d√©ni et risque d‚Äôentra√Æner les pme fran√ßaises dans une spirale de d√©clin √©conomique, social et environnemental.""",none of the above,none of the above,none of the above
DECLINE,d√©cadence,36,2024-07-30 22:35:35+00:00,on pourra dire ce que l'on veut mais moi je ne m√©lange pas les enfants avec ces gens-l√† non je ne donnerai pas je ne m√©langerai pas les enfants avec la d√©cadence mais les pseudo acteur s ont bien reconnu il s'agissait de la sainte cha√Æne j'aurais peut-√™tre lire et √©couter la presse la radio et encore des cha√Ænes info on a plus beaucoup mais √† qui on peut faire confiance je ne mets pas le hashtag le sujet m'√©nerve,xenophobic,none of the above,none of the above
DECLINE,d√©cadence,131,2024-08-08 13:01:38+00:00,"passez √† la mosqu√©e un jour, voyez par vous m√™me. demandez √† des fr√®res de vous faire visiter dites leur que vous souhaitez vous repentir. que le diable vous a tromp√©. vous changerez d'avis. laissez votre vie de d√©cadence derri√®re vous avant qu'il ne soit trop tard",none of the above,none of the above,none of the above
DECLINE,d√©clin,137,2024-08-24 08:40:43+00:00,"j'ai le sentiment que le pessimisme ambiant de la soci√©t√© fran√ßaise est en partie d√ª √† la tendance croissante des politiques √† √™tre dans la surench√®re de catastrophisme (immigration, √©cologie, d√©clin du pays). les m√©canismes de peur √©tant les meilleurs leviers √©lectoraux. nfp",none of the above,none of the above,none of the above
DECLINE,d√©clin,136,2024-08-25 12:40:03+00:00,il a une amn√©sie le pauvre il a peut √™tre oubli√© que la france avait une dette envers l‚Äôalg√©rie et la colonis√©e pour √©viter de la rembourser par crainte d‚Äôune nouvelle r√©volution √† bonne entendeur ne d√©former pas l‚Äôhistoire et ne soyez pas frustr√©e si votre pays est en d√©clin,none of the above,none of the above,none of the above
DECLINE,d√©clin,134,2024-08-29 11:33:32+00:00,"le probl√®me n'est pas seulement que macron n'a pas de relation solide avec les diplomates, c'est surtout qu'il est fonci√®rement incomp√©tent tant en g√©opolitique qu'en diplomatie. le d√©clin de la diplomatie fran√ßaise acc√©l√©r√© sous hollande est devenu un effondrement sous macron",none of the above,none of the above,none of the above
DECLINE,d√©clin,38,2024-11-14 11:58:49+00:00,"quel plaisir chaque soir de voir des gens intelligents qui vous disent que vous n‚Äô√™tes pas seul ... h√© oui des gens osent parler du d√©clin de la france et de ses maux ! (pour moi il n'y en n'a qu'un l'islam ) oui aux migrants , pas du continent africains !",xenophobic,islamophobic,islamophobic
DECLINE,d√©cadence,132,2024-11-30 12:59:16+00:00,je dirais plut√¥t la d√©cadence du monde dans toute sa splendeur. comment on montre √† nos filles que c‚Äôest plus simple de montrer son corps que de travailler ‚Ä¶,none of the above,none of the above,none of the above
DECLINE,d√©clin,140,2024-12-30 17:20:25+00:00,"immigration, wokisme, d√©clin de l‚Äôoccident‚Ä¶ voici quelques unes des obsessions des m√©dias d‚Äôextr√™me-droite sur youtube comme tv libert√©s, fronti√®res, omerta ou encore va plus. a visionn√© des heures de contenu pour vous pr√©parer ce zapping.",none of the above,none of the above,none of the above
DECLINE,d√©cadence,35,2025-02-25 12:52:45+00:00,"il y a un probl√®me de d√©cadence et de laisser aller en plus de l'immigration, du coll√®ge unique et de l'√©ducation nationale. les gens n'ont plus d'id√©al ni de convictions. pour eux tout se vaut.",xenophobic,xenophobic,xenophobic
DECLINE,d√©cadence,34,2025-03-10 11:50:36+00:00,la d√©cadence de la france qui soutien les barbares islamistes...ils m√©ritent la cour p√©nale pour haute trahison du peuple fran√ßais...,islamophobic,islamophobic,islamophobic
DECLINE,d√©clin,40,2025-04-11 19:39:38+00:00,"ils achevent la civilisation europ√©enne pour laisser la place √† une main d'≈ìuvre moins ch√®re mais toujours consommatrice, qui m√®nera au d√©clin definitif du continent europ√©en !",xenophobic,xenophobic,xenophobic
DECLINE,d√©cadence,32,2025-04-13 18:34:57+00:00,ce soir aucun programme culturel en ce dimanche des rameaux contrairement √† nos voisins musulmans en p√©riode de ramadan et d‚Äôaid.quelle d√©cadence ‚Ä¶,islamophobic,islamophobic,islamophobic
DECLINE,d√©clin,138,2025-04-15 19:01:02+00:00,incomp√©tents ??? tu te trompe ils savent tr√®s bien ce qu'ils font . le d√©clin de la france est planifi√© organis√© et r√©alis√© volontairement. quand t'as compris √ßa tout s'√©claire ... lis le programme de davos,none of the above,none of the above,none of the above
DECLINE,d√©cadence,133,2025-04-16 16:57:14+00:00,"et tu t‚Äô√©tonnes qu‚Äôune femme choisisse le voile pour se pr√©server, quand partout en france, des faits divers montrent des types droguants leur femme pour qu‚Äôelles se fassent violer en soir√©e ¬´ libertine ¬ª. tu veux parler de progr√®s, alors que t‚Äôas confondu avec la d√©cadence. le voile ne rend pas une femme meilleure qu‚Äôune autre, mais il a au moins le m√©rite de poser une limite dans un monde o√π les limites ont disparu. et surtout, ce n‚Äôest pas toi ni ton avis qui d√©cide ce qu‚Äôest la dignit√© pour une femme.",none of the above,none of the above,none of the above
DECLINE,d√©clin,39,2025-04-29 08:24:54+00:00,"d√©j√† ""black, blanc, beurre"" √©tait un signal de d√©clin.",xenophobic,xenophobic,xenophobic
DECLINE,d√©clin,31,2025-04-30 05:00:09+00:00,"la hongrie dit non au d√©clin d√©mographique et oui √† la natalit√© ! exon√©ration fiscale pour les m√®res, aides aux familles : une le√ßon pour la france. stop √† l‚Äôimmigration de masse, vive nos enfants ! lisez notre article : ‚úùÔ∏èüá´üá∑ natalit√© famillesnombreuses",xenophobic,xenophobic,xenophobic
DECLINE,d√©cadence,33,2025-04-30 09:55:08+00:00,"pendant que l‚Äôislam s‚Äôinstalle, la d√©cadence europ√©enne continue :",islamophobic,islamophobic,islamophobic
DYSTOPIA,dystopie,141,2024-01-25 18:49:52+00:00,"nourrir le monde est essentiel. alors, pourquoi nos agriculteurs peinent-ils √† subsister? paradoxale dystopie ? agriculture agriculteursencolere",none of the above,none of the above,anti-EU
DYSTOPIA,orwell,147,2024-02-08 09:37:18+00:00,"comment s‚Äôapproprier les mots de ses contradicteurs (en l‚Äôoccurrence souverainet√© alimentaire c‚Äôest et les altermondialistes) pour en tordre le sens. ¬´ la guerre, c'est la paix, la libert√© c'est l'esclavage, l'ignorance c'est la force. ¬ª orwell 1984",none of the above,none of the above,none of the above
DYSTOPIA,orwell,146,2024-03-19 17:21:56+00:00,"ben oui puisque c'est pour faire des suv, il est normal de se revendiquer de l'√©cologie! orwell nous avait pr√©venu...",none of the above,none of the above,none of the above
DYSTOPIA,dystopie,144,2024-05-30 12:05:01+00:00,"la honte, la honte, la honte, la naus√©e, le vomi, √ßa n'est pas que tf1 mais tout le syst√®me m√©diatique qui normalise depuis 8 mois un crime contre l'humanit√© √† l'encontre de toute une population, on vit dans une dystopie c'est pas possible",none of the above,none of the above,none of the above
DYSTOPIA,orwell,45,2024-06-28 09:41:01+00:00,"des milliers d‚Äô ¬´ antifascistes ¬ª applaudissent au tabassage de 10 jeunes femmes munies de pancartes. la patronne de la cgt applaudit la foule lyncheuse pour avoir ¬´ repouss√© cette agression fasciste ¬ª. sans rire. √† mille contre dix, ces ¬´ r√©sistants ¬ª n‚Äôont m√™me pas eu peur. c‚Äôest beau comme du orwell: la l√¢chet√© c‚Äôest le courage, la chasse en meute, l‚Äôh√©ro√Øsme, le sectarisme, l‚Äôouverture √† l‚Äôautre. goliath se la joue david. soutien aux filles de n√©m√©sis.",anti-left,anti-left,anti-left
DYSTOPIA,dystopie,143,2024-09-27 08:12:56+00:00,"lui, c'est magnifique, on vit dans une authentique dystopie depuis le mois de juillet et les premiers mots qu'il a, c'est pour taper lfi... pas besoin d'ennemi quand t'as un ami comme √ßa",none of the above,anti-left,none of the above
DYSTOPIA,orwellien,48,2024-11-25 16:45:36+00:00,"ah, j‚Äôavais manqu√© cet √©pisode o√π cro-magnon exigeait un changement d‚Äô√©tat civil gratuit entre deux fresques rupestres. mais que dire : les modes passent, les civilisations restent. la mienne ‚Äì hell√©no-romano-jud√©o-chr√©tienne ‚Äì qui a sculpt√© le parth√©non, √©rig√© notre-dame et √©crit la divine com√©die, a forg√© l‚Äôordre, la beaut√© et la science. pendant que le wokisme s‚Äôacharne √† d√©construire tout ce qui √©l√®ve l‚Äôhomme au-dessus de ses caprices, vous d√©fendez une id√©ologie qui confond compassion et chaos, v√©rit√© et √©motions. or, une soci√©t√© qui c√®de √† ce mensonge orwellien signe sa propre capitulation. nous ne plierons pas !",anti-left,anti-left,anti-left
DYSTOPIA,orwellienne,150,2025-01-06 19:35:17+00:00,"tout √† fait vrai, ils divisent et manipulent le peuple avec un narratif de guerre de civilisation, sous couvert d‚Äôune politique anti-etablishment, ils inversent les valeurs, ils d√©cr√©dibilisent les intellectuels et changent l‚Äôhistoire‚Ä¶ c‚Äôest une dynamique orwellienne",none of the above,none of the above,none of the above
DYSTOPIA,orwell,44,2025-01-08 07:35:11+00:00,"* zfe qui interdisent la circulation en ville aux plus modestes, personne * soutien aux agriculteurs qui nous nourrissent, personne. les deux minutes de la haine d'orwell illustr√©es par la g√¥che dans toute sa laideur.",anti-left,anti-left,anti-left
DYSTOPIA,orwell,145,2025-02-19 20:55:13+00:00,"cette cha√Æne est ce groupe n‚Äôa jamais √©tait financer par l‚Äôargent public mais par le priv√©e, quand les patrons cr√©e des cha√Ænes pour propager leur propre id√©ologie sociale et politique c‚Äôest de la manipulation de masse, vous n‚Äôavez jamais lus george orwell ¬´ 1984 ¬ª. vous devais.",none of the above,none of the above,none of the above
DYSTOPIA,orwellien,46,2025-03-04 19:21:31+00:00,"l'europe c'est la libert√©, la prosp√©rit√© et la paix qu'ils disaient. alors qu'en r√©alit√© c'est l'asservissement, la ruine et la guerre. en somme, c'est orwellien !",anti-EU,anti-EU,anti-EU
DYSTOPIA,dystopie,142,2025-03-15 15:41:47+00:00,"le post originel parle des gens souffrant de covid long. donc la dystopie qu'on a tous v√©cu et que vous d√©noncez, √† juste titre, fut hors sujet sur ce post du minist√®re. comprenez que les gens avec covid long sont invisibilis√©s h24, et c'est √ßa qu'on d√©nonce.",none of the above,none of the above,none of the above
DYSTOPIA,orwellien,50,2025-03-21 17:27:43+00:00,"l'ue montre son vrai visage. la paix, c'est la guerre. la d√©mocratie, c'est la dictature. la prosp√©rit√©, c'est la pauvret√©. la libert√© d'expression, c'est la censure. l'europe des nations, c'est un √©tat f√©d√©ral. un monde orwellien o√π r√©gne la corruption g√©n√©ralis√©e!!!",anti-EU,anti-EU,anti-EU
DYSTOPIA,orwellien,49,2025-03-22 06:08:52+00:00,"je viens de relire ce livre....les similitudes avec "" nos dirigeants"", "" le gouvernement"" sont justes parfaites !! on est bel et bien dans un monde orwellien !! quoi que dans la vraie vie le cochon est intelligent et affectueux !!",none of the above,anti-EU,none of the above
DYSTOPIA,orwellien,149,2025-04-01 06:57:04+00:00,"c‚Äôest sympa , tous ces grands d√©mocrates qui soutiennent lepen : poutine orban trump . ce moment orwellien ou ce sont eux qui te parlent de l‚Äô√©tat de droit üòÇ",none of the above,none of the above,anti-EU
DYSTOPIA,orwellien,47,2025-04-01 13:20:20+00:00,"quand des juges militent contre le vote du peuple, ce n‚Äôest plus la justice : c‚Äôest un √©tat de droit orwellien. on parle de libert√©, mais on punit les mauvais choix.",anti-left,none of the above,none of the above
DYSTOPIA,orwell,41,2025-04-14 08:09:00+00:00,"scandale √©ducationnationale : comme dans ""1984"" d‚Äôorwell, il faut endoctriner les enfants avec les dogmes du parti et donc enseigner la sexualit√© et la th√©orie du genre d√®s le plus jeune √¢ge ‚§µÔ∏è",anti-left,anti-left,anti-left
DYSTOPIA,dystopie,42,2025-04-17 20:02:25+00:00,"pour cela, il faudrait r√©inventer le 1er mai. loin des ¬´ syndicats ¬ª subventionn√©s et des partis de ¬´ gauche ¬ª qui se sont mis au service de la dystopie voulue par la haute finance !",anti-left,anti-left,anti-left
DYSTOPIA,orwell,148,2025-04-26 17:13:45+00:00,"avec le retour de trump au pouvoir, la revanche d‚Äôorwell sur huxley est √©clatante",none of the above,none of the above,none of the above
DYSTOPIA,orwell,43,2025-04-29 21:21:51+00:00,"üìö l‚Äôenseignement de l‚Äôignorance ‚Äì jean-claude mich√©a ""l‚Äô√©cole ne vise plus √† transmettre une culture, mais √† produire des individus adaptables au march√©."" üëâ mich√©a parle de l‚Äô√©cole, oui ‚Äî mais pas comme un sociologue, ni comme un r√©formateur. il parle en moraliste au sens fort : celui qui voit une civilisation glisser doucement dans le vide en croyant qu‚Äôelle progresse. l‚Äô√©cole n‚Äôenseigne plus, dit-il : elle d√©sapprend. üéì le c≈ìur de sa th√®se : le syst√®me √©ducatif a √©t√© d√©lib√©r√©ment vid√© de son contenu critique et culturel, remplac√© par une logique de comp√©tences, de flexibilit√©, de ‚Äúsavoir-√™tre‚Äù. l‚Äô√©l√®ve n‚Äôest plus un futur citoyen cultiv√© ‚Äî c‚Äôest un futur salari√© fluide, bon pour les r√©unions zoom, mauvais pour lire tocqueville. üíº mich√©a relie √ßa √† un ph√©nom√®ne plus vaste : la mont√©e d‚Äôun lib√©ralisme total, √©conomique et culturel, o√π toute forme d‚Äôenracinement (dans une langue, une histoire, une m√©moire) est vue comme suspecte. l‚Äôignorance devient une vertu : elle rend mall√©able. ‚ö†Ô∏è c‚Äôest un texte court, mais ac√©r√©. mich√©a √©crit avec une √©l√©gance rageuse. pas de jargon, pas de chiffres, mais des phrases qui claquent comme des diagnostics. il cite orwell, p√©guy, debord. il nous parle d‚Äô√©cole, oui, mais en r√©alit√©, il nous parle de la disparition du commun. ",anti-left,none of the above,none of the above
FASCISM,fasciste,60,2024-04-28 16:59:56+00:00,"√©tonnant ces fascistes (oui, le fascisme est une id√©ologie de gauche) qui n‚Äôont que le mot haine √† la bouche ! ils ne supportent pas un avis diff√©rent du leur ; c‚Äôest leur conception de la d√©mocratie. ils sont vraiment ind√©crottables.",anti-left,anti-left,anti-left
FASCISM,fasciste,52,2024-05-31 22:54:21+00:00,"√† saint brevin ce sont les ""antifas"" (les vrais fascistes) qui ont √©t√© les casseurs quant aux voitures incendi√©es de l'ancien maire on ne sait toujours pas qui est l'incendiaire une rumeur circule disant que ce serait un gauchiste zadiste",anti-left,anti-left,anti-left
FASCISM,fasciste,51,2024-06-28 10:30:20+00:00,"ils nourrissent eux-m√™mes la future r√©action. c'est de l'autosuggestion. si je pense de toutes mes forces chaque jour que ma voisine me d√©teste, elle va finir un jour par r√©ellement me d√©tester. les gauchistes cr√©ent eux-m√™mes les futurs (vrais) fascistes.",anti-left,anti-left,anti-left
FASCISM,fascisme,154,2025-01-10 01:18:12+00:00,"la mort de jean-marie le pen ne m√©rite pas de larmes. il symbolise le fascisme, la torture, la haine et la division. danser sur sa tombe n'est pas de la haine, mais le refus de banaliser l'inhumanit√©. pleurer un oppresseur, c'est oublier ses victimes. fin du d√©bat.",none of the above,none of the above,none of the above
FASCISM,fasciste,54,2025-01-11 14:16:04+00:00,la gauche fasciste dans toute sa splendeur. et apr√®s on fait croire que ce sont les patriotes et le qui apportent la haine ! a quand un vrai barrage r√©publicain et la mise au ban de ces politiciens haineux ?,anti-left,anti-left,anti-left
FASCISM,fasciste,57,2025-01-21 17:21:24+00:00,"en fin de compte, la gauche sombre et s‚Äôenferme dans un mouroir ¬´ en ligne ¬ª pour se convaincre qu‚Äôils appartiennent au camp du bien, tout en appliquant les m√©thodes fascistes qu‚Äôils critiquent sans arr√™t.",anti-left,anti-left,anti-left
FASCISM,fascisme,156,2025-02-17 10:02:45+00:00,"le fait que √ßa ne fasse pas la une des journaux (hors les honorables m√©diapart et l‚Äôhuma) devrait nous alerter √† quel point les m√©dias ont bascul√© dans le fascisme parce que la m√™me attaque avec des personnes de couleur tous les programmes auraient √©t√© interrompus pour ""attentat""",none of the above,none of the above,none of the above
FASCISM,fasciste,160,2025-02-25 09:22:09+00:00,"nous passons notre temps √† contempler notre nombril ce qui nous emp√™che de regarder la r√©alit√©. elon musk, mettant en lumi√®re le vrai visage du n√©o-f√©odalisme mondial pour installer des fascistes en europe pour abroger le droit du travail pour exploiter les peuples.",none of the above,none of the above,none of the above
FASCISM,fascisme,157,2025-03-06 00:43:48+00:00,"le fascisme occidental du xxie si√®cle, il est l√†. ¬´ celui qui ne conna√Æt pas son histoire est condamn√© √† la revivre ¬ª, √©crivais karl marx. la v√©ritable lutte antifasciste ne se fera pas sans lutte des classes, il faut d√©truire le mal √† la racine.",none of the above,none of the above,none of the above
FASCISM,fascisme,58,2025-03-08 11:49:17+00:00,le fascisme a chang√© de camp depuis longtemps malheureusement. √† force de tol√©rance et de ne pas vouloir √™tre trait√© de racistes on a pas su voir qui √©taient les vrais intol√©rants sectaristes racistes de gauche et vecteurs du recul de toutes les libert√©s en france,anti-left,anti-left,anti-left
FASCISM,fascisme,151,2025-03-23 13:16:42+00:00,"attaquer les universit√©s, c'est surtout poser les bases pour installer le fascisme.",none of the above,none of the above,none of the above
FASCISM,fascisme,159,2025-03-30 01:19:40+00:00,"tu feins de soutenir isra√´l, mais dans ton parti, des n√©o-nazis dirigent! ton alliance n‚Äôa rien √† voir avec les valeurs, juste une haine commune des arabes. ‚Äòles ennemis de mes ennemis sont mes amis‚Äô, c‚Äôest √ßa ta morale ? l‚Äôopportunisme et l‚Äôhypocrisie ne cachent pas le fascisme",none of the above,none of the above,none of the above
FASCISM,fasciste,59,2025-04-22 08:07:03+00:00,"cette inversion du r√©el me fascine toujours. essayez de discuter avec un gaucho, vous vous rendrez compte qu'il n'y pas plus fasciste. c'est comme un effet miroir : ils insultent, vomissent, aboient en meute, mordent, et c'est toujours √† leurs propres tares qu'ils s'en prennent.",anti-left,anti-left,anti-left
FASCISM,fasciste,55,2025-04-23 07:14:26+00:00,"le lib√©ralisme qui est de droite, pr√¥ne la libert√© d'expression et d'entreprendre, chose que la gauche (socialiste, communiste, fasciste) interdit. ces derniers confondent capitalisme entrepreneurial, et leur capitalisme √©tatique qui ne permet pas l'ascension sociale!",anti-left,anti-left,anti-left
FASCISM,fasciste,53,2025-04-26 17:37:25+00:00,"les ""antifas"" ? juste des fascistes d√©guis√©s. fascistes = socialistes socialistes = gauchistes gauchistes = islamo-gauchistes moralit√© : les antifas sont les vrais fascistes. cqfd. merci, au revoir.",anti-left,anti-left,anti-left
FASCISM,fasciste,56,2025-04-30 06:17:26+00:00,"le pire de la sociale-d√©mocratie et ces faux repr√©sentants de gauche (qui n'ont de gauche que leurs √©lecteurs) c'est qu'il pr√©pare toujours l'arriv√©e au pouvoir des fascistes, des nazi car au jeu du pouvoir de l'argent on termine toujours dans la guerre de classe et la r√©pression",anti-left,anti-left,none of the above
FASCISM,fascisme,155,2025-05-03 20:50:44+00:00,"affamer des enfants, couper l‚Äôeau, bombarder des civils et appeler √ßa une strat√©gie ? c‚Äôest pas de la s√©curit√©, c‚Äôest du sadisme d‚Äô√©tat. quand une d√©put√©e d√©fend √ßa publiquement, on n‚Äôest plus dans la politique, on est dans le fascisme pur. oui, √ßa rappelle les nazis. pas par provocation, mais parce que ce sont les m√™mes m√©thodes : briser des vies pour soumettre un peuple. l‚Äôhistoire jugera, mais les consciences lucides voient d√©j√†.",none of the above,none of the above,none of the above
FASCISM,fascisme,152,2025-05-12 13:30:35+00:00,on parle beaucoup du fascisme et pas assez de la mani√®re dont le n√©olib√©ralisme a d√©truit la moiti√© des liens humains,none of the above,none of the above,none of the above
FASCISM,fascisme,158,2025-05-14 16:33:52+00:00,"d√©noncer un g√©nocide ne fait pas de nous des antis√©mites mais des r√©sistants au n√©o fascisme ambiant et dominant. netanyahou a un mandat d'arr√™t international contre lui, il a comme projet d'√©radiquer gaza il l'a dit lui-m√™me, √ßa poursuit la colonisation engag√©e en 1948.",none of the above,none of the above,none of the above
FASCISM,fascisme,153,2025-05-18 15:03:41+00:00,"le poison est le fascisme.... les antifascistes ce sont des humanistes qui sont contre le racisme √† la base, et un jour valeurs actuelles sera interdite j'esp√®re. juste pour le contenu malsain et x√©nophobe.",none of the above,none of the above,none of the above
POPULAR,quartier populaire,164,2024-06-06 12:27:50+00:00,"la crise de la d√©mocratie est plus vive qu'ailleurs dans les quartiers populaires. y prot√©ger les libert√©s associatives est d'autant plus urgent. l'enqu√™te sur la d√©mocratie hlm montre qu'on peut mieux prot√©ger, l√©gitimer, encourager les mobilisations et d√©fendre la d√©mocratie",none of the above,none of the above,none of the above
POPULAR,quartier populaire,161,2024-07-06 08:47:03+00:00,"c'est enti√®rement faux !! je suis une jeune femme dans un quartier pop √† paris et il ne m'arrive jamais rien. n'√©coutez pas ces sornettes, vive nos camarades de toutes les couleurs, avec qui la vie se passe tr√®s bien. je peux vs faire la m√™me liste de fait divers avec des blancs",none of the above,none of the above,none of the above
POPULAR,quartier populaire,62,2024-09-20 19:35:57+00:00,"qui ne parle que de ¬´ racis√©s ¬ª, de ¬´ cr√©olisation ¬ª‚Ä¶ qui d√©cide de ne faire campagne que vers les ¬´ jeunes ¬ª et les quartiers populaires et de laisser tomber le reste (les blancs, les ouvriers, les campagnes‚Ä¶) vous √™tes les diviseurs de la nation. ¬´ tout conflictualiser ¬ª",xenophobic,xenophobic,xenophobic
POPULAR,quartier populaire,162,2024-10-13 09:29:14+00:00,"merci pour le soutien apport√© aux associations de familles monoparentales dans les quartiers populaires, et notamment au village √† paris15 ! familles √† 80 % dirig√©es par des femmes qui cumulent souvent pr√©carit√© et une charge mentale consid√©rable.",none of the above,none of the above,none of the above
POPULAR,quartier populaire,168,2024-10-25 15:45:55+00:00,quartier populaire d√©faire le mythe du ghetto de pierre gilbert. pas encore eu le temps de le commencer mais √ßa a l‚Äôair d‚Äô√™tre une √©tude sociologique int√©ressante.,none of the above,none of the above,none of the above
POPULAR,quartier populaire,169,2024-11-07 17:16:58+00:00,"augmenter les cr√©dits pour la r√©novation pour ne plus mourir de chaud en √©t√©, √™tre congel√© en hiver dans des logements mal isol√©s. augmenter le budget de la politique de la ville pour maintenir debout les quartiers populaires. le gouvernement conservera-t-il ces am√©liorations ?",none of the above,none of the above,none of the above
POPULAR,quartier populaire,167,2024-11-12 22:57:24+00:00,"rendre le brevet obligatoire tout en r√©duisant le nombre d'enseignants alors que de nombreux √©l√®ves perdent un nombre cons√©quent d'heures de cours faute d'effectif... cette mesure ne fera qu'accentuer les in√©galit√©s scolaires, en particulier dans les quartiers populaires",none of the above,none of the above,none of the above
POPULAR,quartier populaire,61,2024-11-28 13:57:23+00:00,"un d√©but de plan pour les fran√ßais de souche souhaitant b√©n√©ficier d'un centi√®me du quart de l'argent d√©vers√© dans les quartiers dits populaires? peut-√™tre qu‚Äôils ne br√ªlent pas assez de voitures et pire, se comportent en honn√™tes gens? trop bons, trop cons.",xenophobic,xenophobic,xenophobic
POPULAR,quartier populaire,166,2024-12-25 11:46:31+00:00,"la politique de la ville, les quartiers populaires ; du refus des droits aux sans papiers, des politiques anti-migrant¬∑es et des milliers de mort¬∑es en mer ou dans les d√©serts devenus des fronti√®res externalis√©es ; des politiques et r√©glementations islamophobes",none of the above,none of the above,xenophobic
POPULAR,classe populaire,170,2025-03-09 21:51:28+00:00,les classes populaires votent surtout le pen.,none of the above,none of the above,none of the above
POPULAR,quartier populaire,64,2025-03-17 06:37:55+00:00,"ils vont en profiter pour imposer leur moiti√© d'√©l√®ves issus de "" quartiers populaires "" pour niveler le niveau avec le public, merci bayrou d'avoir couvert ces saloperies",xenophobic,xenophobic,xenophobic
POPULAR,quartier populaire,163,2025-03-23 18:36:36+00:00,"vous pr√©tendez d√©fendre l‚Äôuniversalisme et combattre l‚Äôextr√™me droite en diffusant des √©ditos anonymes remplis de pr√©jug√©s racistes sur les populations des quartiers populaires ? honte √† vous, vous venez de perdre un abonn√© de longue date",none of the above,none of the above,none of the above
POPULAR,classe populaire,69,2025-04-10 06:08:05+00:00,"¬´ apr√®s le grand d√©classement, les classes populaires sont en train de conna√Ætre le grand effacement et les zfe et l'interdiction des appartements class√©s g y participent. on chasse les milieux modestes des centres-villes et on criminalise la pauvret√©. c'est √† vomir !¬ª",xenophobic,none of the above,none of the above
POPULAR,classe populaire,63,2025-04-16 20:35:13+00:00,"le racisme anti-blancs fait exploser la grille de lecture marxiste de b√©gaudeau, c'est classe populaire de souche contre ""classe populaire"" immigr√©e.",xenophobic,xenophobic,xenophobic
POPULAR,classe populaire,65,2025-04-16 20:35:13+00:00,"le racisme anti-blancs fait exploser la grille de lecture marxiste de b√©gaudeau, c'est classe populaire de souche contre ""classe populaire"" immigr√©e.",xenophobic,xenophobic,xenophobic
POPULAR,quartier populaire,165,2025-04-17 22:00:56+00:00,"et de sant√© publique massives, la lutte contre la pr√©carit√© et l‚Äôexclusion dans les quartiers populaires etc etc‚Ä¶ les habitants des quartiers populaires ne sont pas les rats de laboratoire des politiques inefficaces, relevant du contr√¥le social et du coup de comm‚Äô de la droite",none of the above,none of the above,none of the above
POPULAR,classe populaire,66,2025-04-21 17:55:33+00:00,les dirigeants de grande bretagne pratiquent un g√©nocide social sur la classe populaire qu'ils veulent remplacer.,xenophobic,none of the above,none of the above
POPULAR,classe populaire,68,2025-04-23 15:07:06+00:00,"avant j'habitais dans un quartier de lille tr√®s populaire, avec plein de bistrots et une vraie vie de quartier, lille five. aujourd'hui c'est compl√®tement islamis√©, √† partir de 19h il n'y a plus une seule femme dans les rues (alors que c'est rempli d'√©tudiantes).",islamophobic,islamophobic,islamophobic
POPULAR,quartier populaire,67,2025-04-28 07:20:29+00:00,union des d√©mocrates musulmans fran√ßais udmf est aujourd'hui la force politique la plus vive issue des quartiers populaires et de ceux qui ne sont toujours pas consid√©r√©s comme des citoyens √† part enti√®re ils se structurent ...,none of the above,none of the above,none of the above
POPULAR,quartier populaire,70,2025-04-30 16:03:01+00:00,"les banlieusards sont √† paris ! des faubourgs du xixe si√®cle aux grands ensembles, le mus√©e national de l‚Äôhistoire de l‚Äôimmigration, situ√© dans le palais de la porte dor√©e, consacre une grande exposition aux banlieues populaires.",xenophobic,none of the above,none of the above
ROOT,racine,180,2024-03-08 18:29:52+00:00,"üü£ c'est un cort√®ge de sororit√© et de lutte qui parcourait albi cet apr√®s-midi √† l'occasion de la journ√©e internationale de lutte pour les droits des femmes. patron, patrie patriarcat, m√™mes racines m√™me combat ! ‚úäüíú",none of the above,none of the above,none of the above
ROOT,racine,174,2024-06-15 19:28:59+00:00,"""l'islamo-gauchisme"", le nouveau ""jud√©o-bolchevisme"". vos racines nazis r√©apparaissent.",none of the above,none of the above,none of the above
ROOT,racine,176,2024-07-03 07:23:05+00:00,"nous devons nous mobiliser afin de battre cette extr√™me droite violente, qui s'attaque aux droits des fran√ßais.e.s,qui est raciste jusque dans ses racines, qui ne pr√¥ne que la haine",none of the above,none of the above,none of the above
ROOT,racine,172,2024-09-16 10:28:30+00:00,"l'allemagne revient √† ses racines racistes. pour rappel, les fronti√®res c'est raciste ! on ne doit pas faire de distinctions entre les √™tres humains !",none of the above,none of the above,none of the above
ROOT,racine,171,2024-09-17 09:31:03+00:00,"comme si √™tre noir en france te rendait automatiquement redevable aupr√®s de l'humanit√©. mais c'est quoi ce truc ?! la france dans laquelle vous pensez √™tre, n'est vraiment pas faite ainsi. ce n'est ni son histoire ni ses racines.",none of the above,xenophobic,none of the above
ROOT,enracinement,72,2025-02-27 10:24:36+00:00,"cet enracinement ne se limite pas √† la seule appartenance g√©ographique, mais englobe aussi la profession, la culture et l‚Äôh√©ritage spirituel. de m√™me qu‚Äôun arbre dont les racines sont rong√©es tombe au moindre choc, l‚Äôhomme d√©racin√© devient vuln√©rable aux id√©ologies destructrices.",xenophobic,none of the above,none of the above
ROOT,racine,73,2025-02-28 00:05:01+00:00,tout dans cette exposition est une insulte √† l‚Äôidentit√© fran√ßaise. le message est clair : la france √©ternelle aux racines chr√©tiennes doit dispara√Ætre au profit d‚Äôune nouvelle france m√©tiss√©e par l‚Äôimmigration et l‚Äôislam. le gauchisme d√©truit tout. c‚Äôest inacceptable.,xenophobic,xenophobic,islamophobic
ROOT,racine,179,2025-04-04 10:35:15+00:00,"de sa fondation par des collaborationistes et des waffen-ss √† sa direction actuelle, le rassemblement national n‚Äôa jamais reni√© ses racines. ne laissez pas son soutien au gouvernement g√©nocidaire isra√©lien vous tromper : ils d√©testent simplement encore plus les arabes que les juifs. derri√®re le vernis, la crasse est toujours la m√™me. comptez sur nous pour vous en d√©barrasser !",none of the above,none of the above,none of the above
ROOT,enracin√©,78,2025-04-08 00:21:28+00:00,"jean-yves le gallou souhaite une france homog√®ne, blanche, enracin√©e, o√π l'identit√©nationale serait culturelle et biologique. cette vision ethno-identitaire, proche du mod√®le japonais, est-elle compatible avec l'histoire et la r√©alit√© fran√ßaise ?",xenophobic,none of the above,none of the above
ROOT,racine,79,2025-04-16 21:01:38+00:00,"la france n'est pas monoth√©iste, non √† ta religion de merde venue de l'orient ! dehors les envahisseurs qui d√©naturent nos belles traditions et nos racines ! vive cernunnos, teutat√®s et taranis ! tu peux d√©gager au vatican si t'es pas content.",islamophobic,none of the above,none of the above
ROOT,racine,175,2025-04-19 18:45:19+00:00,c‚Äôest quel genre de r√©partie √ßa ? c‚Äôest du racisme pur et simple ! et une personne dans le droit chemin n‚Äôa rien √† voir avec l‚Äôintol√©rance et le racisme qui sont les racines du mal! tu t‚Äôinventes des ennemis parce que t‚Äôas pas d‚Äôamis. on r√©colte ce qu‚Äôon s√®me donc assume !,none of the above,none of the above,none of the above
ROOT,racine,173,2025-04-22 15:37:50+00:00,"le rn, en tant que h√©ritier du front national de jean-marie le pen a gard√© certains aspects essentiels de celui-ci, qui plonge ses racines dans le r√©gime de vichy et la collaboration.",none of the above,none of the above,none of the above
ROOT,racine,177,2025-04-22 23:49:30+00:00,"je ne partage pas votre point de vue, ath√©e et attach√© √† notre la la√Øcit√©, la religion catholique fait partie int√©grante de nos racines et de notre histoire. vouloir gommer ce lien est absurde. de m√™me que renommer les vacances : üëâ no√´l en hiver üëâ p√¢ques en printemps",none of the above,xenophobic,none of the above
ROOT,racine,74,2025-04-23 12:50:18+00:00,"la france n'a jamais √©t√© aussi belle, puissante et respect√©e que lorsqu'elle louait ses racines chr√©tiennes. seul un retour √† nos racines fera barrage √† l'islam. ce n'est pas 3 pel√©es d'apostats qui font du fric sur les r√©seaux ou la la√Øcit√© qui nous sauveront.",islamophobic,islamophobic,islamophobic
ROOT,racine,75,2025-04-23 17:03:41+00:00,malheureusement l'histoire nous a montr√© que la france n'a su √™tre une grande nation que lorsqu'elle louait ses racines chr√©tiennes. et face √† l'islam galopant la la√Øcit√© n'est qu'une porte de service.,islamophobic,islamophobic,islamophobic
ROOT,racine,178,2025-04-23 19:40:10+00:00,"l‚Äôextr√©misme qu‚Äôil soit juif, catholique ou musulman est √† condamner. cela ne remet pas en cause nos racines jud√©o-chr√©tiennes et notre lutte contre l‚Äôislamisme.",none of the above,islamophobic,none of the above
ROOT,racine,71,2025-04-25 15:08:42+00:00,"""ma plus grande inqui√©tude, c'est que l'europe a perdu le sens de ses origines. elle a perdu ses racines. or, un arbre qui n'a pas de racines meurt. et j'ai peur que l'occident meurt."" cardinal robert sarah.",xenophobic,islamophobic,none of the above
ROOT,enracin√©,80,2025-04-27 08:45:06+00:00,"vous vivez en france depuis 2 g√©n√©rations. nous, on y est enracin√©s depuis 1000 ans. et les pr√©noms restent l'empreinte de votre identit√©. au final les maghr√©bins de l'√©tranger restent des maghrebins, la seule communaut√© qui ne veut pas s'assimiler au pays qui les accueille.",xenophobic,xenophobic,xenophobic
ROOT,racine,76,2025-04-27 09:39:21+00:00,"face √† la ¬´ diversit√© ¬ª, la france doit-elle imposer ses racines chr√©tiennes ?",xenophobic,none of the above,xenophobic
ROOT,racine,77,2025-04-29 07:12:22+00:00,"si tu n‚Äôarrives pas √† comprendre que ce n‚Äôest pas par ce que la majorit√© des fran√ßais sont ath√©es qu‚Äôils nient leurs racines chr√©tiennes, c‚Äôest que tu n‚Äôest pas fran√ßais mais citoyen fran√ßais. un fran√ßais le sait et n‚Äôa pas besoin qu‚Äôon lui explique.",xenophobic,xenophobic,xenophobic
WOKE,wokisme,186,2024-08-05 17:54:24+00:00,"mais justement le wokisme n‚Äôa pas int√©r√™t √† faire croire que c‚Äôest une femme alors que c‚Äôest homme. le wokisme veut promouvoir la transidentit√©, soit le changement de genre. l√† tu fais le jeu du wokisme totalement.",none of the above,anti-left,anti-left
WOKE,woke,182,2024-09-13 17:28:19+00:00,wah ! le figaro devient woke : il soutient les droits des femmes et donne la parole aux r√©fugi√©s ‚Ä¶ bient√¥t un stand √† la f√™te de l‚Äôhumanit√© ?,none of the above,anti-left,anti-left
WOKE,woke,184,2024-12-28 23:22:39+00:00,"il est √† 2 doigts de lui aussi qualifi√© la gauche de woke, ce petit homme pr√™t √† tout pour reconqu√©rir l‚Äô√©lectorat rn",none of the above,none of the above,none of the above
WOKE,woke,82,2025-03-07 21:43:47+00:00,les d√©bats √† l‚Äôassembl√©e nationale vont √™tre dr√¥les pour une fois les sous entendus et combat entre woke et la droite traditionnelle vont √™tre comiques üòÇüòÇ,anti-left,anti-left,anti-left
WOKE,wokiste,190,2025-03-12 16:49:22+00:00,les chercheurs et les profs ces fameux wokistes ! les prochains c'est les soignants et le service public. quelle belle mani√®re de se retrouver en quelques mois dans un dictature fasciste en traitant tous le monde wokiste !,none of the above,none of the above,anti-left
WOKE,wokisme,188,2025-03-14 19:04:27+00:00,le wokisme est une construction ... le pouvoit a besoin d un bouc √©missaire ... et vous vous faites pi√©ger... on doit pouvoir discuter des droits de chacun ... minorit√©s comprises...,none of the above,none of the above,none of the above
WOKE,woke,90,2025-03-20 09:24:33+00:00,"ces gauchistes sont tellement habitu√©s √† vivre sous perfusion d'argent public que pour eux, si l'√©tat ne veut pas de leur bouillie woke merdique, c'est de la censure. on en est la en france en 2025.",anti-left,anti-left,anti-left
WOKE,wokiste,84,2025-03-21 16:33:17+00:00,"accepter qu'une religion soumette la femme, bien lui montrer droit dans les yeux qu'elle est inf√©rieure √† l'homme. en bref, le f√©minisme... des wokistes, de la gauche. l'islam est une id√©ologie anti-femme et terroriste.",islamophobic,anti-left,islamophobic
WOKE,wokiste,87,2025-03-31 08:29:22+00:00,"¬´ √™tre r√©sident fiscal fran√ßais va-t-il devenir un grand danger ? ¬ª üëâ √ßa fait environ dix ans que je vie dans des milieux d‚Äôaffaires et d‚Äôargent pour √™tre clair, et depuis deux ans (et davantage aujourd‚Äôhui) je rencontre des personnes qui √©tudient maintes possibilit√©s en vue de quitter le pays : soit la france se rel√®ve, soit il n‚Äôen restera que ce qui l‚Äô√©teint, socialisme dictatorial et d√©rive wokiste ! itw :",anti-left,anti-left,anti-left
WOKE,wokiste,89,2025-04-04 21:00:09+00:00,"rennes est d√©j√† un coupe gorge islamo wokiste avec plus de morts li√©s au narcotrafiquants qu'en seine st denis en 2024, alors avec l'ultra gauche lfiste, il n'y aura plus aucun avenir pour nous enfants",anti-left,anti-left,islamophobic
WOKE,wokiste,189,2025-04-11 16:47:01+00:00,"oui, on devrait prendre exemple sur eux, pas sur vous, esp√®ce de merde qui traitez de wokiste une femme juste parce qu‚Äôelle fait du sport.",none of the above,none of the above,anti-left
WOKE,wokisme,187,2025-04-13 15:18:04+00:00,le wokisme n'existe pas. c'est un terme des conservateurs autoritaire pour stigmatiser toutes critiques.,none of the above,none of the above,none of the above
WOKE,woke,81,2025-04-19 09:55:11+00:00,"ne nous leurrons pas: la france pr√™te √† accueillir les chercheurs du monde entier, donc essentiellement des woke. une vraie fausse bonne id√©e car on est d√©j√† bien pourvus et ils d√©truisent l‚Äôesprit r√©publicain",anti-left,anti-left,anti-left
WOKE,woke,181,2025-04-22 11:18:04+00:00,"que des gens des politiques de droite. c'est factuel. apr√®s tu peut faire le woke et me dire que le bleu c'est rouge et le rouge bleu ya pas de genres, ya pas de bords en politique etc. mais √ßa n'en restera pas moins faux factuellement",none of the above,anti-left,anti-left
WOKE,woke,185,2025-04-22 17:00:58+00:00,la gauche la d√©finition est woke sinon t‚Äôes pas de gauche ü§® de plus le mot woke n‚Äôest qu‚Äôun mot foure tout fait pour s‚Äôen prendre √† la gauche rien que l‚Äôutiliser c‚Äôest ne pas √™tre de gauche,none of the above,none of the above,none of the above
WOKE,wokiste,88,2025-04-26 09:18:24+00:00,"l'antis√©mitisme revient tr√®s fort dans l'empire progressiste, le nouveau socialisme, üá™üá∫, l'occident wokiste, appelez comme vous voulez mais entendez le bruit des bottes.",anti-left,anti-left,none of the above
WOKE,woke,183,2025-04-26 10:22:51+00:00,apr√®s je pense je suis trop woke pour certaines s√©ries car d√®s fois √ßa me trigger trop. surtout le traitement des femmes. j'arrive m√™me plus √† regarder du divertissement ndeyssane üíÄ,none of the above,none of the above,none of the above
WOKE,wokisme,83,2025-04-29 17:09:52+00:00,"amis musulmans, ne votez surtout pas / plus pour la gauche et l'extr√™me-gauche. ils vous manipulent, vous utilisent. ils sont dans le wokisme complet aussi ! rejoignez les patriotes ! vous devez faire bloc. il faut en finir avec le ""seulement 10% des musulmans votent rn"".",anti-left,anti-left,anti-left
WOKE,woke,85,2025-04-30 11:38:48+00:00,"les woke avec leur concept ""d'evolution"" non monsieur,la presence de l'islam est un accident total, du a une folie appel√©e le regoupement familial qui a soudainement vu l'intrusion d'une civilisation ennemie de la notre depuis l'avenment de l'islam. islam = conquete. rien d'autre",islamophobic,islamophobic,islamophobic
WOKE,wokisme,86,2025-05-01 10:30:39+00:00,"puisque le wokisme a d√©truit la connaissance objective, on peut arriver √† l'universit√© avec une connaissance islamiste du monde et dire voici la v√©rit√©",islamophobic,islamophobic,anti-left
WOMEN'S RIGHTS,droit des femmes,191,2024-07-19 13:06:48+00:00,faut vraiment √™tre un connard raciste et miso pour pas comprendre la diff entre ¬´ d√©fendre le port du voile ¬ª et ¬´ d√©fendre le droit des femmes √† porter ce qu‚Äôelles veulent ¬ª,none of the above,none of the above,none of the above
WOMEN'S RIGHTS,femme,195,2024-07-30 13:11:48+00:00,"le seul sens dans lequel elle n‚Äôa pas tord est de dire qu‚Äôune femme peut faire ce qu‚Äôelle veut. qu‚Äôelle veuille faire une carri√®re ou √™tre femme au foyer, ca devrait √™tre un choix. l‚Äôun n‚Äôest pas plus important que l‚Äôautre, et √ßa s‚Äôapplique aux hommes.",none of the above,none of the above,none of the above
WOMEN'S RIGHTS,femme,199,2024-08-12 18:07:23+00:00,"a l'exception des cas de l'iran et de l'arabie saoudite, beaucoup de femmes portent le voile pour suivre un cheminement spirituel et repondre √† une prescription religieuse comme pour nos s≈ìurs chr√©tiennes ou juives qui sont pratiquantes. il ne s'agit en aucun cas d'√©galit√© f/h",none of the above,none of the above,none of the above
WOMEN'S RIGHTS,femme,200,2024-08-14 16:33:02+00:00,"et au-del√† de tous les √©l√©ments """"culturels"""" que √ßa inclut, en france sous la r√©publique, on a la particularit√© par habitude de pas trop d√©finir l'identit√© par la pratique de ces habitudes culturelles mais par l'adh√©sion aux valeurs de la france (libert√©, droits des femmes...)",none of the above,none of the above,none of the above
WOMEN'S RIGHTS,femme,194,2024-08-21 23:15:58+00:00,"mon intention √©tait de souligner que les mariages forc√©s, l‚Äôoppression des femmes, ou tout autre abus sont des probl√®mes universels qui doivent √™tre combattus partout o√π ils se manifestent.",none of the above,none of the above,none of the above
WOMEN'S RIGHTS,droit des femmes,192,2024-09-23 18:06:57+00:00,"üü£merci aux camarades des diff√©rents organisations syndicales pour ce travail üü£ ¬´ nos organisations s‚Äôopposent √† toute menace qui vise √† remettre en question le droit √† l‚Äôavortement, et le droit des femmes et des minorit√©s de genre √† disposer librement de leur corps. ¬ª üëáüèΩ",none of the above,none of the above,none of the above
WOMEN'S RIGHTS,femme,197,2024-09-28 20:40:01+00:00,"une fois de plus, dans notre ville, des militants racistes instrumentalisent la cause des femmes pour d√©verser leur haine.",none of the above,none of the above,none of the above
WOMEN'S RIGHTS,femme,198,2024-11-13 10:37:28+00:00,"ben c'est faux, certaines le portent parfois et √ßa ne les emp√™che pas de manifester. il suffit d'√©couter ces femmes, pas les fantasmes de ceux qui ne vivent pas l√†-bas. elles protestent contre l'islamisme radical, et la tyrannie qu'elles subissent. et je ne suis pas pour le port!",none of the above,none of the above,none of the above
WOMEN'S RIGHTS,droit des femmes,91,2025-01-09 06:31:36+00:00,oui la religion c‚Äôest √† la maison c‚Äôest un symbole d‚Äôexclusion de revendications et de recul du droit des femmes.,islamophobic,islamophobic,islamophobic
WOMEN'S RIGHTS,femme,196,2025-03-05 06:00:11+00:00,"d√©fendre la cause des femmes en promouvant la suppression du planning familial ? ou peut etre en plafonnant les aides sociales au smic ? en affirmant que ""les familles monoparentales sont une plaie ?"" vous vous moquez de qui exactement ?",none of the above,none of the above,none of the above
WOMEN'S RIGHTS,droit des femmes,93,2025-03-08 13:29:17+00:00,"ces gens sont √† corriger durement tellement d'ignorance les pro palestiniens m√©prisent eux m√™me le droit des femmes car chez eux il n'y en a pas nous devons rester neutres dans un pays de ""paix"". les juifs de france sont inquiets et ne font m√™me pas de manif nous sommes en france",islamophobic,anti-left,none of the above
WOMEN'S RIGHTS,droit des femmes,96,2025-03-08 14:34:31+00:00,islamistes ? 2000 ans d'histoire o√π vos anc√™tres se sont battus au prix du sang pour vivre en pays libre. issa -j√©sus est mort pour vos droits et offrir une terre d'accueil. les musulmans ne respectent aucun droit des femmes ! le mensonge vous a vaincu. la france est chr√©tienne.,islamophobic,islamophobic,islamophobic
WOMEN'S RIGHTS,femme,97,2025-03-27 21:47:47+00:00,"inviter des femmes voil√©es pour dire quoi, que c'est leur choix ? que c'est un symbole de libert√© et d'√©mancipation de la femme ??? on conna√Æt, aucun int√©r√™t pour ces d√©bats et surtout on sait que c'est faux. m√™me le coran dit que c'est un objet de soumission. il faudrait inviter des ex-musulmanes, ces femmes qui un jour ont rallum√© leur cerveau et ont donc apostasi√©, l√† oui. elles au moins pourraient parler du voile de mani√®re objective et avoir une vraie valeur ajout√©e dans ces d√©bats.",islamophobic,islamophobic,islamophobic
WOMEN'S RIGHTS,femme,99,2025-03-30 17:36:26+00:00,"quid du voile, outil de domination et de soumission des femmes, d'imposition, d'une religion patriarcale devenue raciste, expansionniste, colonisatrice, g√©nocidaire. oops. les m√™mes qui manifestent contre eux m√™mes, ""les fachistes"", √† chaque occasion.",islamophobic,islamophobic,islamophobic
WOMEN'S RIGHTS,droit des femmes,92,2025-04-16 18:07:07+00:00,parlez svp du fait que nos anc√™tres femmes en france n‚Äôont eu le droit de vote que depuis 1944 soit 80 ans c tout et le voile aujourd‚Äôhui va faire reculer le droit des femmes. la religion c a la maison les fran√ßaises ne doivent pas avoir honte du regard des gens pour l‚Äôenlever,islamophobic,islamophobic,islamophobic
WOMEN'S RIGHTS,femme,100,2025-04-16 18:12:40+00:00,ces hommes qui jugent les femmes non voil√©es avec leur jogging basket short tee short qu‚Äôils refusent aux femmes m√™me l‚Äô√©t√©. j‚Äôy crois pas qu‚Äôon en soit l√† en 2025. quand j‚Äô√©tais petite aucunes de mes amies n‚Äô√©taient voil√©es pourquoi aujourd‚Äôhui d√®s la primaire elles le sont ??,islamophobic,none of the above,islamophobic
WOMEN'S RIGHTS,femme,94,2025-04-17 00:30:36+00:00,"devant sa porte, une femme non voil√©e gal√©rait avec une table. je propose mon aide mais pas mieux. je dis : ""mon mari arrive, il va vous aider."" elle disparait et revient voil√©e jusqu'aux genoux ! vu l'engin, √† quel moment a-t-elle cru que mon mari aurait des tentations ?ü§î",islamophobic,islamophobic,islamophobic
WOMEN'S RIGHTS,femme,98,2025-04-21 08:47:35+00:00,une jupe courte fait d'une femme une pute ? et on s'√©tonne que vous voiliez les votre en ne sachant pas garder votre zgueg dans votre pantalon ! c'est √† vous qu'on devrait bander les yeux en fait et non pas imposer le voile aux femmes !!,islamophobic,islamophobic,islamophobic
WOMEN'S RIGHTS,femme,95,2025-04-29 20:50:48+00:00,je n'ai pas √† l'esprit un seul exemple de femme voil√©e agress√©e/ tu√©e (sauf attentats de masse) : il faut croire que cette identification les prot√®ge... y aurait il un lien avec la religion la plus fr√©quente des agresseurs ???,islamophobic,islamophobic,islamophobic
WOMEN'S RIGHTS,droit des femmes,193,2025-05-03 21:43:18+00:00,"mais pendant ce temps-l√† en france, des mongoliennes d√©fendent le droit des femmes √† √™tre voil√©es et se plier √† une religion",none of the above,islamophobic,none of the above